konto_id,klient_id,typ_konta,waluta,data_otwarcia
10001,1,Osobiste,PLN,2021-03-14
10002,2,Osobiste,PLN,2020-06-16
10003,3,Osobiste,PLN,2019-10-03
10004,4,Osobiste,PLN,2020-09-29
10005,5,Osobiste,PLN,2023-03-10
10006,6,Osobiste,PLN,2025-05-07
10007,7,Osobiste,PLN,2025-05-02
10008,8,Osobiste,PLN,2021-05-03
10009,9,Osobiste,PLN,2019-06-01
10010,10,Osobiste,PLN,2023-03-04
10011,11,Osobiste,PLN,2023-08-01
10012,12,Osobiste,PLN,2019-02-28
10013,13,Osobiste,PLN,2021-05-27
10014,14,Osobiste,PLN,2024-05-25
10015,15,Osobiste,PLN,2023-07-13
10016,16,Osobiste,PLN,2025-12-13
10017,17,Firmowe,PLN,2018-10-20
10018,18,Osobiste,PLN,2019-04-16
10019,19,Osobiste,PLN,2019-02-09
10020,20,Osobiste,PLN,2019-11-04
10021,21,Osobiste,PLN,2019-11-13
10022,22,Osobiste,PLN,2018-01-26
10023,23,Osobiste,PLN,2023-07-01
10024,24,Osobiste,PLN,2021-01-03
10025,25,Osobiste,PLN,2020-08-25
10026,26,Osobiste,PLN,2019-01-30
10027,27,Osobiste,PLN,2022-11-23
10028,28,Osobiste,PLN,2021-05-15
10029,29,Osobiste,PLN,2025-08-26
10030,30,Osobiste,PLN,2018-11-08
10031,31,Osobiste,PLN,2018-03-11
10032,32,Firmowe,PLN,2022-03-15
10033,33,Osobiste,PLN,2018-02-14
10034,34,Osobiste,PLN,2024-11-24
10035,35,Osobiste,PLN,2021-12-04
10036,36,Osobiste,PLN,2023-08-08
10037,37,Osobiste,PLN,2020-09-26
10038,38,Osobiste,PLN,2018-06-19
10039,39,Osobiste,PLN,2023-03-02
10040,40,Osobiste,PLN,2024-11-23
10041,41,Osobiste,PLN,2018-10-24
10042,42,Osobiste,PLN,2021-10-04
10043,43,Osobiste,PLN,2018-03-01
10044,44,Osobiste,PLN,2018-12-20
10045,45,Osobiste,PLN,2023-11-20
10046,46,Osobiste,PLN,2024-05-04
10047,47,Osobiste,PLN,2025-12-04
10048,48,Osobiste,PLN,2024-11-27
10049,49,Osobiste,PLN,2023-10-09
10050,50,Osobiste,PLN,2019-07-24
10051,51,Osobiste,EUR,2022-10-29
10052,52,Osobiste,PLN,2020-08-15
10053,53,Osobiste,PLN,2020-09-28
10054,54,Osobiste,PLN,2020-12-01
10055,55,Osobiste,PLN,2025-12-17
10056,56,Firmowe,PLN,2025-03-29
10057,57,Osobiste,PLN,2022-06-04
10058,58,Osobiste,PLN,2025-03-31
10059,59,Osobiste,PLN,2021-08-02
10060,60,Osobiste,PLN,2024-02-20
10061,61,Osobiste,PLN,2024-02-03
10062,62,Osobiste,PLN,2021-03-14
10063,63,Osobiste,PLN,2020-02-27
10064,64,Osobiste,PLN,2024-05-14
10065,65,Osobiste,PLN,2022-08-19
10066,66,Osobiste,PLN,2018-03-20
10067,67,Osobiste,PLN,2019-07-23
10068,68,Osobiste,PLN,2023-09-07
10069,69,Osobiste,PLN,2019-11-19
10070,70,Osobiste,PLN,2023-02-15
10071,71,Osobiste,PLN,2020-06-21
10072,72,Firmowe,PLN,2019-09-18
10073,73,Osobiste,PLN,2025-12-11
10074,74,Osobiste,PLN,2025-06-26
10075,75,Osobiste,PLN,2023-07-30
10076,76,Osobiste,PLN,2025-09-17
10077,77,Osobiste,PLN,2025-04-14
10078,78,Osobiste,PLN,2019-11-12
10079,79,Osobiste,PLN,2022-10-14
10080,80,Osobiste,PLN,2025-06-24
10081,81,Osobiste,PLN,2024-12-06
10082,82,Osobiste,PLN,2018-07-02
10083,83,Osobiste,PLN,2021-11-07
10084,84,Osobiste,PLN,2025-04-03
10085,85,Osobiste,PLN,2021-04-24
10086,86,Osobiste,PLN,2021-01-30
10087,87,Osobiste,PLN,2018-01-05
10088,88,Osobiste,PLN,2025-04-27
10089,89,Osobiste,PLN,2020-07-11
10090,90,Osobiste,PLN,2024-02-22
10091,91,Osobiste,PLN,2023-11-30
10092,92,Osobiste,PLN,2023-08-13
10093,93,Osobiste,PLN,2022-02-20
10094,94,Osobiste,PLN,2019-01-12
10095,95,Osobiste,PLN,2025-09-26
10096,96,Osobiste,PLN,2020-01-14
10097,97,Osobiste,PLN,2018-01-23
10098,98,Osobiste,GBP,2022-10-28
10099,99,Osobiste,PLN,2023-07-30
10100,100,Osobiste,PLN,2021-01-31
10101,101,Osobiste,PLN,2020-06-14
10102,102,Osobiste,PLN,2019-09-08
10103,103,Osobiste,PLN,2023-06-04
10104,104,Osobiste,PLN,2021-03-28
10105,105,Osobiste,PLN,2020-02-16
10106,106,Osobiste,PLN,2024-06-23
10107,107,Osobiste,PLN,2022-08-27
10108,108,Osobiste,PLN,2025-11-05
10109,109,Osobiste,PLN,2024-11-15
10110,110,Osobiste,PLN,2023-08-02
10111,111,Osobiste,PLN,2019-10-06
10112,112,Osobiste,PLN,2023-06-26
10113,113,Osobiste,PLN,2023-01-25
10114,114,Osobiste,PLN,2022-05-09
10115,115,Osobiste,PLN,2023-07-30
10116,116,Firmowe,PLN,2020-03-26
10117,117,Osobiste,PLN,2018-12-18
10118,118,Osobiste,PLN,2025-08-23
10119,119,Osobiste,PLN,2018-07-11
10120,120,Osobiste,PLN,2023-07-19
10121,121,Osobiste,PLN,2022-11-13
10122,122,Osobiste,PLN,2019-05-18
10123,123,Osobiste,PLN,2022-02-01
10124,124,Osobiste,PLN,2024-05-27
10125,125,Osobiste,PLN,2023-12-09
10126,126,Osobiste,PLN,2018-11-01
10127,127,Osobiste,PLN,2021-11-16
10128,128,Osobiste,PLN,2020-05-31
10129,129,Osobiste,PLN,2024-11-12
10130,130,Osobiste,PLN,2023-03-06
10131,131,Osobiste,PLN,2018-02-08
10132,132,Osobiste,PLN,2018-05-25
10133,133,Osobiste,PLN,2025-06-14
10134,134,Osobiste,PLN,2019-04-30
10135,135,Osobiste,PLN,2018-02-12
10136,136,Firmowe,PLN,2024-01-08
10137,137,Osobiste,PLN,2021-09-27
10138,138,Osobiste,PLN,2019-06-24
10139,139,Osobiste,PLN,2024-05-26
10140,140,Osobiste,PLN,2024-03-04
10141,141,Osobiste,PLN,2023-11-29
10142,142,Osobiste,PLN,2019-02-04
10143,143,Osobiste,PLN,2024-07-02
10144,144,Osobiste,PLN,2024-04-26
10145,145,Osobiste,PLN,2023-05-19
10146,146,Osobiste,PLN,2025-02-15
10147,147,Osobiste,PLN,2023-12-27
10148,148,Osobiste,PLN,2019-12-17
10149,149,Osobiste,PLN,2025-10-08
10150,150,Osobiste,PLN,2022-10-01
10151,151,Osobiste,EUR,2018-06-01
10152,152,Osobiste,PLN,2023-01-22
10153,153,Osobiste,PLN,2022-09-14
10154,154,Osobiste,PLN,2019-06-16
10155,155,Osobiste,PLN,2019-06-24
10156,156,Osobiste,PLN,2019-11-06
10157,157,Osobiste,PLN,2018-01-13
10158,158,Osobiste,PLN,2018-06-12
10159,159,Osobiste,PLN,2022-06-07
10160,160,Osobiste,PLN,2025-07-17
10161,161,Osobiste,PLN,2020-05-09
10162,162,Osobiste,PLN,2021-04-03
10163,163,Osobiste,PLN,2020-10-30
10164,164,Osobiste,PLN,2022-04-30
10165,165,Osobiste,PLN,2020-06-03
10166,166,Osobiste,PLN,2024-06-09
10167,167,Osobiste,PLN,2021-05-08
10168,168,Osobiste,PLN,2023-01-02
10169,169,Osobiste,PLN,2022-01-03
10170,170,Osobiste,PLN,2023-06-16
10171,171,Osobiste,PLN,2021-07-08
10172,172,Osobiste,PLN,2023-07-07
10173,173,Osobiste,PLN,2024-03-02
10174,174,Osobiste,PLN,2023-02-28
10175,175,Osobiste,PLN,2020-04-05
10176,176,Firmowe,PLN,2018-06-23
10177,177,Osobiste,PLN,2025-07-04
10178,178,Osobiste,PLN,2024-06-17
10179,179,Osobiste,PLN,2018-12-02
10180,180,Osobiste,PLN,2019-09-02
10181,181,Osobiste,PLN,2020-01-26
10182,182,Osobiste,PLN,2019-12-30
10183,183,Osobiste,PLN,2021-09-02
10184,184,Osobiste,PLN,2020-06-05
10185,185,Osobiste,PLN,2022-05-29
10186,186,Osobiste,PLN,2020-10-18
10187,187,Osobiste,PLN,2018-01-16
10188,188,Osobiste,PLN,2025-10-06
10189,189,Osobiste,PLN,2025-08-09
10190,190,Osobiste,PLN,2021-12-10
10191,191,Osobiste,PLN,2025-06-19
10192,192,Osobiste,PLN,2021-08-27
10193,193,Osobiste,EUR,2023-09-13
10194,194,Osobiste,PLN,2020-03-17
10195,195,Osobiste,PLN,2023-04-21
10196,196,Osobiste,PLN,2024-07-29
10197,197,Osobiste,PLN,2024-01-28
10198,198,Osobiste,PLN,2025-07-16
10199,199,Osobiste,PLN,2019-03-12
10200,200,Osobiste,PLN,2020-12-03
10201,201,Osobiste,PLN,2024-10-03
10202,202,Osobiste,PLN,2021-08-04
10203,203,Osobiste,PLN,2019-12-11
10204,204,Osobiste,PLN,2022-01-11
10205,205,Osobiste,PLN,2023-12-18
10206,206,Osobiste,PLN,2019-12-08
10207,207,Osobiste,PLN,2024-10-02
10208,208,Osobiste,PLN,2021-09-06
10209,209,Osobiste,PLN,2023-10-30
10210,210,Osobiste,PLN,2019-11-27
10211,211,Osobiste,PLN,2025-10-12
10212,212,Osobiste,PLN,2024-07-12
10213,213,Osobiste,PLN,2018-01-22
10214,214,Osobiste,PLN,2020-03-15
10215,215,Osobiste,PLN,2021-06-02
10216,216,Osobiste,PLN,2020-12-27
10217,217,Osobiste,PLN,2019-02-08
10218,218,Osobiste,PLN,2019-03-15
10219,219,Osobiste,PLN,2025-04-13
10220,220,Osobiste,PLN,2023-08-30
10221,221,Osobiste,PLN,2020-02-22
10222,222,Osobiste,PLN,2021-05-07
10223,223,Osobiste,PLN,2021-11-28
10224,224,Osobiste,PLN,2022-10-16
10225,225,Osobiste,PLN,2021-03-09
10226,226,Osobiste,PLN,2020-01-09
10227,227,Osobiste,PLN,2021-08-22
10228,228,Osobiste,PLN,2022-07-28
10229,229,Osobiste,PLN,2025-06-29
10230,230,Osobiste,PLN,2019-06-09
10231,231,Osobiste,PLN,2023-11-03
10232,232,Osobiste,PLN,2025-07-25
10233,233,Osobiste,PLN,2022-09-01
10234,234,Osobiste,PLN,2023-06-04
10235,235,Osobiste,PLN,2025-01-26
10236,236,Osobiste,PLN,2025-01-29
10237,237,Osobiste,PLN,2020-01-25
10238,238,Firmowe,PLN,2025-06-06
10239,239,Osobiste,PLN,2021-11-03
10240,240,Firmowe,PLN,2025-09-10
10241,241,Osobiste,PLN,2025-06-05
10242,242,Osobiste,PLN,2020-01-16
10243,243,Osobiste,PLN,2021-12-28
10244,244,Osobiste,PLN,2023-05-16
10245,245,Osobiste,PLN,2022-11-17
10246,246,Osobiste,PLN,2021-01-28
10247,247,Osobiste,PLN,2022-02-14
10248,248,Osobiste,PLN,2025-04-16
10249,249,Osobiste,PLN,2022-02-03
10250,250,Osobiste,PLN,2018-03-23
10251,251,Osobiste,PLN,2024-04-22
10252,252,Osobiste,PLN,2022-02-23
10253,253,Osobiste,PLN,2024-07-17
10254,254,Osobiste,PLN,2023-03-01
10255,255,Osobiste,PLN,2020-11-29
10256,256,Osobiste,PLN,2019-03-03
10257,257,Osobiste,PLN,2018-05-21
10258,258,Osobiste,PLN,2020-05-01
10259,259,Osobiste,PLN,2021-03-15
10260,260,Osobiste,PLN,2023-09-07
10261,261,Osobiste,PLN,2020-10-19
10262,262,Osobiste,PLN,2021-05-25
10263,263,Osobiste,PLN,2023-07-14
10264,264,Osobiste,PLN,2021-08-23
10265,265,Osobiste,PLN,2025-08-01
10266,266,Osobiste,PLN,2023-10-25
10267,267,Osobiste,PLN,2018-02-03
10268,268,Osobiste,PLN,2022-07-31
10269,269,Osobiste,PLN,2021-06-16
10270,270,Osobiste,PLN,2022-06-07
10271,271,Osobiste,PLN,2023-11-09
10272,272,Osobiste,PLN,2022-06-13
10273,273,Osobiste,PLN,2025-07-19
10274,274,Osobiste,PLN,2024-03-15
10275,275,Osobiste,PLN,2025-05-19
10276,276,Osobiste,PLN,2024-12-13
10277,277,Firmowe,EUR,2020-08-10
10278,278,Osobiste,PLN,2024-06-27
10279,279,Osobiste,PLN,2019-10-28
10280,280,Osobiste,PLN,2024-02-21
10281,281,Osobiste,PLN,2019-12-01
10282,282,Osobiste,PLN,2020-09-05
10283,283,Osobiste,PLN,2021-12-15
10284,284,Osobiste,PLN,2021-02-10
10285,285,Osobiste,PLN,2022-06-22
10286,286,Osobiste,PLN,2020-06-27
10287,287,Osobiste,PLN,2018-01-21
10288,288,Osobiste,PLN,2022-08-29
10289,289,Osobiste,PLN,2021-08-18
10290,290,Osobiste,PLN,2025-03-09
10291,291,Osobiste,PLN,2025-12-23
10292,292,Osobiste,PLN,2025-06-01
10293,293,Osobiste,PLN,2019-07-04
10294,294,Osobiste,PLN,2025-11-01
10295,295,Osobiste,PLN,2023-11-10
10296,296,Osobiste,PLN,2021-07-28
10297,297,Firmowe,PLN,2021-06-12
10298,298,Osobiste,PLN,2025-04-14
10299,299,Osobiste,PLN,2024-06-19
10300,300,Osobiste,PLN,2018-01-14
10301,301,Osobiste,PLN,2024-02-04
10302,302,Osobiste,PLN,2025-05-16
10303,303,Osobiste,PLN,2018-04-29
10304,304,Osobiste,PLN,2022-05-25
10305,305,Osobiste,PLN,2020-09-15
10306,306,Osobiste,PLN,2020-09-29
10307,307,Osobiste,PLN,2019-05-12
10308,308,Osobiste,PLN,2025-02-17
10309,309,Osobiste,PLN,2021-07-23
10310,310,Osobiste,PLN,2021-11-07
10311,311,Osobiste,PLN,2023-06-05
10312,312,Osobiste,PLN,2019-11-12
10313,313,Osobiste,PLN,2019-02-06
10314,314,Osobiste,PLN,2024-08-30
10315,315,Osobiste,PLN,2021-11-10
10316,316,Osobiste,PLN,2018-05-05
10317,317,Osobiste,PLN,2021-04-12
10318,318,Osobiste,PLN,2020-04-14
10319,319,Osobiste,PLN,2024-05-29
10320,320,Osobiste,PLN,2022-01-21
10321,321,Osobiste,PLN,2025-07-01
10322,322,Osobiste,PLN,2019-04-22
10323,323,Osobiste,PLN,2025-01-23
10324,324,Osobiste,PLN,2022-10-10
10325,325,Osobiste,PLN,2018-11-19
10326,326,Osobiste,PLN,2022-10-07
10327,327,Osobiste,PLN,2018-05-30
10328,328,Osobiste,PLN,2025-10-19
10329,329,Osobiste,PLN,2025-09-30
10330,330,Osobiste,PLN,2022-03-08
10331,331,Osobiste,PLN,2020-06-14
10332,332,Osobiste,PLN,2018-05-28
10333,333,Osobiste,PLN,2021-12-17
10334,334,Osobiste,PLN,2023-05-19
10335,335,Osobiste,PLN,2024-04-17
10336,336,Osobiste,PLN,2022-03-08
10337,337,Osobiste,PLN,2025-08-24
10338,338,Osobiste,PLN,2021-04-30
10339,339,Osobiste,PLN,2023-06-11
10340,340,Osobiste,PLN,2021-10-04
10341,341,Osobiste,EUR,2023-10-27
10342,342,Osobiste,PLN,2023-05-28
10343,343,Osobiste,PLN,2018-01-14
10344,344,Osobiste,PLN,2019-04-27
10345,345,Osobiste,PLN,2021-03-08
10346,346,Osobiste,PLN,2022-12-29
10347,347,Osobiste,PLN,2021-01-28
10348,348,Osobiste,PLN,2018-07-17
10349,349,Osobiste,PLN,2019-09-08
10350,350,Osobiste,PLN,2019-10-09
10351,351,Osobiste,PLN,2023-07-05
10352,352,Osobiste,PLN,2022-12-28
10353,353,Osobiste,PLN,2021-11-13
10354,354,Osobiste,PLN,2025-03-02
10355,355,Osobiste,PLN,2018-08-08
10356,356,Osobiste,PLN,2022-01-21
10357,357,Osobiste,PLN,2018-07-09
10358,358,Osobiste,PLN,2019-03-13
10359,359,Osobiste,PLN,2023-05-08
10360,360,Osobiste,PLN,2021-09-13
10361,361,Osobiste,PLN,2025-11-30
10362,362,Osobiste,PLN,2024-01-29
10363,363,Osobiste,PLN,2023-11-19
10364,364,Osobiste,PLN,2025-12-31
10365,365,Osobiste,PLN,2024-06-25
10366,366,Osobiste,PLN,2018-07-07
10367,367,Osobiste,PLN,2025-02-25
10368,368,Osobiste,PLN,2020-03-03
10369,369,Osobiste,PLN,2018-03-12
10370,370,Osobiste,PLN,2022-11-30
10371,371,Osobiste,PLN,2022-11-25
10372,372,Osobiste,PLN,2021-01-20
10373,373,Osobiste,PLN,2022-09-01
10374,374,Osobiste,PLN,2025-06-30
10375,375,Osobiste,PLN,2025-07-04
10376,376,Osobiste,PLN,2023-11-02
10377,377,Osobiste,PLN,2025-09-13
10378,378,Osobiste,PLN,2021-09-16
10379,379,Osobiste,PLN,2022-10-21
10380,380,Osobiste,PLN,2022-05-12
10381,381,Osobiste,PLN,2018-03-20
10382,382,Osobiste,PLN,2021-10-16
10383,383,Osobiste,GBP,2024-04-05
10384,384,Osobiste,PLN,2019-07-17
10385,385,Osobiste,PLN,2021-01-26
10386,386,Osobiste,PLN,2021-07-02
10387,387,Osobiste,PLN,2021-03-13
10388,388,Osobiste,PLN,2018-08-09
10389,389,Osobiste,PLN,2025-02-13
10390,390,Osobiste,PLN,2021-02-25
10391,391,Osobiste,PLN,2024-04-19
10392,392,Osobiste,PLN,2025-08-24
10393,393,Osobiste,PLN,2025-06-21
10394,394,Osobiste,PLN,2024-08-22
10395,395,Osobiste,PLN,2025-06-17
10396,396,Osobiste,PLN,2024-09-15
10397,397,Osobiste,PLN,2025-03-14
10398,398,Osobiste,PLN,2025-10-21
10399,399,Osobiste,PLN,2025-05-17
10400,400,Osobiste,PLN,2024-07-08
10401,401,Osobiste,PLN,2020-07-02
10402,402,Osobiste,PLN,2024-09-09
10403,403,Osobiste,PLN,2023-01-24
10404,404,Osobiste,PLN,2019-01-13
10405,405,Osobiste,PLN,2025-05-23
10406,406,Osobiste,PLN,2024-10-30
10407,407,Osobiste,PLN,2022-08-28
10408,408,Osobiste,PLN,2019-09-17
10409,409,Osobiste,PLN,2019-12-09
10410,410,Osobiste,PLN,2023-12-26
10411,411,Osobiste,PLN,2018-06-01
10412,412,Osobiste,PLN,2021-04-29
10413,413,Osobiste,PLN,2018-09-10
10414,414,Osobiste,PLN,2024-10-27
10415,415,Osobiste,PLN,2019-03-28
10416,416,Osobiste,EUR,2024-06-23
10417,417,Osobiste,PLN,2024-02-06
10418,418,Osobiste,PLN,2019-04-16
10419,419,Osobiste,PLN,2024-09-03
10420,420,Osobiste,PLN,2023-05-30
10421,421,Osobiste,PLN,2024-10-18
10422,422,Osobiste,PLN,2023-05-19
10423,423,Osobiste,PLN,2019-04-10
10424,424,Osobiste,PLN,2019-08-22
10425,425,Osobiste,PLN,2018-05-20
10426,426,Osobiste,PLN,2023-09-25
10427,427,Osobiste,PLN,2025-03-03
10428,428,Osobiste,PLN,2024-12-11
10429,429,Osobiste,PLN,2021-12-20
10430,430,Osobiste,PLN,2024-01-09
10431,431,Osobiste,PLN,2021-01-16
10432,432,Osobiste,PLN,2023-08-02
10433,433,Osobiste,PLN,2020-09-07
10434,434,Osobiste,PLN,2023-01-16
10435,435,Osobiste,PLN,2021-10-05
10436,436,Osobiste,PLN,2024-02-06
10437,437,Osobiste,PLN,2019-04-19
10438,438,Osobiste,GBP,2025-09-29
10439,439,Osobiste,EUR,2021-07-12
10440,440,Osobiste,PLN,2021-05-22
10441,441,Osobiste,PLN,2018-07-12
10442,442,Osobiste,PLN,2024-05-05
10443,443,Osobiste,PLN,2019-09-04
10444,444,Osobiste,PLN,2025-06-23
10445,445,Osobiste,PLN,2024-09-10
10446,446,Osobiste,PLN,2020-02-13
10447,447,Osobiste,PLN,2023-02-12
10448,448,Osobiste,PLN,2025-02-20
10449,449,Osobiste,PLN,2021-06-27
10450,450,Osobiste,PLN,2025-06-30
10451,451,Osobiste,PLN,2021-12-04
10452,452,Osobiste,PLN,2021-10-06
10453,453,Osobiste,PLN,2018-06-19
10454,454,Osobiste,PLN,2020-09-15
10455,455,Osobiste,PLN,2021-12-26
10456,456,Osobiste,PLN,2023-08-29
10457,457,Osobiste,PLN,2023-01-10
10458,458,Osobiste,PLN,2024-06-05
10459,459,Osobiste,PLN,2020-12-13
10460,460,Osobiste,PLN,2022-06-11
10461,461,Osobiste,PLN,2021-10-09
10462,462,Osobiste,PLN,2019-07-05
10463,463,Osobiste,PLN,2021-08-19
10464,464,Osobiste,PLN,2020-11-17
10465,465,Osobiste,PLN,2018-03-09
10466,466,Osobiste,PLN,2022-03-23
10467,467,Osobiste,PLN,2019-03-14
10468,468,Osobiste,PLN,2021-01-18
10469,469,Osobiste,PLN,2021-03-16
10470,470,Osobiste,PLN,2023-10-02
10471,471,Osobiste,PLN,2021-09-09
10472,472,Osobiste,PLN,2021-07-16
10473,473,Osobiste,PLN,2022-06-30
10474,474,Osobiste,PLN,2024-05-23
10475,475,Osobiste,PLN,2023-07-14
10476,476,Osobiste,PLN,2021-06-03
10477,477,Osobiste,PLN,2024-03-14
10478,478,Osobiste,PLN,2023-01-21
10479,479,Osobiste,PLN,2020-02-04
10480,480,Osobiste,PLN,2024-10-26
10481,481,Osobiste,PLN,2022-12-09
10482,482,Osobiste,PLN,2021-06-25
10483,483,Osobiste,PLN,2025-11-18
10484,484,Osobiste,PLN,2020-12-31
10485,485,Osobiste,PLN,2024-09-26
10486,486,Osobiste,PLN,2019-04-10
10487,487,Osobiste,PLN,2022-12-14
10488,488,Osobiste,PLN,2020-04-21
10489,489,Osobiste,PLN,2018-03-06
10490,490,Osobiste,PLN,2023-01-24
10491,491,Osobiste,PLN,2022-08-21
10492,492,Osobiste,PLN,2019-04-04
10493,493,Osobiste,PLN,2022-10-06
10494,494,Osobiste,PLN,2024-12-13
10495,495,Osobiste,PLN,2023-02-09
10496,496,Osobiste,PLN,2024-12-04
10497,497,Osobiste,PLN,2018-02-26
10498,498,Osobiste,PLN,2021-06-02
10499,499,Osobiste,PLN,2020-10-18
10500,500,Osobiste,PLN,2023-02-20
10501,501,Osobiste,PLN,2020-08-08
10502,502,Osobiste,PLN,2023-11-01
10503,503,Osobiste,PLN,2018-09-26
10504,504,Osobiste,PLN,2022-11-05
10505,505,Osobiste,PLN,2023-10-21
10506,506,Osobiste,PLN,2019-06-01
10507,507,Osobiste,PLN,2025-12-10
10508,508,Osobiste,PLN,2023-07-01
10509,509,Osobiste,PLN,2021-05-11
10510,510,Osobiste,PLN,2023-09-18
10511,511,Osobiste,PLN,2023-10-06
10512,512,Osobiste,PLN,2020-03-20
10513,513,Osobiste,PLN,2022-03-29
10514,514,Osobiste,PLN,2019-05-18
10515,515,Osobiste,PLN,2025-01-07
10516,516,Osobiste,PLN,2022-09-13
10517,517,Osobiste,PLN,2022-04-17
10518,518,Osobiste,PLN,2021-03-30
10519,519,Osobiste,PLN,2024-04-18
10520,520,Osobiste,PLN,2021-02-16
10521,521,Osobiste,PLN,2021-05-27
10522,522,Osobiste,PLN,2024-08-14
10523,523,Osobiste,PLN,2025-07-07
10524,524,Osobiste,PLN,2024-03-02
10525,525,Osobiste,PLN,2019-12-04
10526,526,Osobiste,PLN,2019-04-30
10527,527,Osobiste,PLN,2018-11-16
10528,528,Osobiste,PLN,2022-03-12
10529,529,Osobiste,PLN,2025-07-14
10530,530,Osobiste,PLN,2025-05-12
10531,531,Osobiste,PLN,2023-05-14
10532,532,Osobiste,PLN,2022-12-21
10533,533,Osobiste,PLN,2021-06-04
10534,534,Osobiste,PLN,2023-07-10
10535,535,Osobiste,EUR,2024-05-08
10536,536,Osobiste,PLN,2023-06-19
10537,537,Osobiste,PLN,2018-02-24
10538,538,Osobiste,PLN,2024-06-16
10539,539,Osobiste,PLN,2020-04-28
10540,540,Osobiste,PLN,2023-02-14
10541,541,Osobiste,PLN,2020-10-11
10542,542,Osobiste,PLN,2023-05-08
10543,543,Osobiste,PLN,2021-07-30
10544,544,Osobiste,PLN,2024-05-29
10545,545,Osobiste,PLN,2024-05-01
10546,546,Osobiste,PLN,2021-03-22
10547,547,Osobiste,PLN,2022-08-11
10548,548,Osobiste,PLN,2023-02-26
10549,549,Osobiste,PLN,2023-05-31
10550,550,Osobiste,PLN,2024-12-06
10551,551,Osobiste,PLN,2019-11-13
10552,552,Osobiste,PLN,2023-12-19
10553,553,Osobiste,PLN,2019-09-23
10554,554,Osobiste,PLN,2025-01-29
10555,555,Osobiste,PLN,2023-02-07
10556,556,Osobiste,PLN,2022-12-20
10557,557,Osobiste,PLN,2020-08-24
10558,558,Osobiste,PLN,2024-12-02
10559,559,Osobiste,PLN,2023-10-07
10560,560,Osobiste,PLN,2022-06-13
10561,561,Osobiste,PLN,2022-04-25
10562,562,Osobiste,PLN,2019-09-08
10563,563,Osobiste,PLN,2021-04-14
10564,564,Osobiste,PLN,2020-05-09
10565,565,Osobiste,EUR,2018-04-11
10566,566,Osobiste,PLN,2023-04-20
10567,567,Osobiste,PLN,2023-08-27
10568,568,Osobiste,PLN,2018-05-01
10569,569,Osobiste,EUR,2021-03-06
10570,570,Osobiste,PLN,2025-11-20
10571,571,Osobiste,PLN,2021-08-13
10572,572,Osobiste,PLN,2018-10-21
10573,573,Osobiste,PLN,2018-11-29
10574,574,Osobiste,PLN,2020-07-06
10575,575,Osobiste,PLN,2025-11-07
10576,576,Osobiste,PLN,2024-04-25
10577,577,Osobiste,PLN,2020-03-06
10578,578,Osobiste,PLN,2019-10-22
10579,579,Osobiste,PLN,2025-01-17
10580,580,Osobiste,PLN,2024-10-13
10581,581,Osobiste,GBP,2021-08-31
10582,582,Osobiste,PLN,2024-07-02
10583,583,Osobiste,PLN,2021-10-22
10584,584,Osobiste,PLN,2025-11-22
10585,585,Osobiste,PLN,2023-01-24
10586,586,Osobiste,PLN,2019-12-10
10587,587,Osobiste,PLN,2021-07-20
10588,588,Osobiste,PLN,2019-11-10
10589,589,Osobiste,PLN,2020-03-08
10590,590,Osobiste,PLN,2023-12-30
10591,591,Osobiste,PLN,2021-02-06
10592,592,Osobiste,PLN,2019-03-16
10593,593,Osobiste,PLN,2024-04-17
10594,594,Osobiste,PLN,2024-08-15
10595,595,Osobiste,PLN,2019-08-18
10596,596,Osobiste,PLN,2022-03-02
10597,597,Osobiste,PLN,2025-10-22
10598,598,Osobiste,PLN,2025-09-24
10599,599,Osobiste,PLN,2023-06-06
10600,600,Osobiste,PLN,2018-05-12
10601,601,Osobiste,PLN,2018-12-03
10602,602,Osobiste,PLN,2018-02-04
10603,603,Osobiste,PLN,2021-11-13
10604,604,Osobiste,PLN,2020-03-18
10605,605,Osobiste,GBP,2020-12-07
10606,606,Osobiste,PLN,2018-04-07
10607,607,Osobiste,PLN,2022-03-15
10608,608,Osobiste,PLN,2022-08-01
10609,609,Osobiste,PLN,2025-02-20
10610,610,Osobiste,PLN,2018-03-04
10611,611,Osobiste,PLN,2021-03-07
10612,612,Osobiste,PLN,2023-09-09
10613,613,Osobiste,PLN,2021-10-19
10614,614,Osobiste,PLN,2023-03-01
10615,615,Osobiste,PLN,2023-08-19
10616,616,Osobiste,PLN,2022-05-02
10617,617,Osobiste,PLN,2024-06-20
10618,618,Osobiste,PLN,2019-11-24
10619,619,Osobiste,PLN,2020-04-21
10620,620,Osobiste,PLN,2019-05-04
10621,621,Firmowe,PLN,2021-01-23
10622,622,Osobiste,PLN,2025-03-12
10623,623,Firmowe,PLN,2025-09-05
10624,624,Osobiste,PLN,2025-05-11
10625,625,Osobiste,PLN,2025-12-27
10626,626,Osobiste,PLN,2021-07-13
10627,627,Osobiste,PLN,2019-10-20
10628,628,Osobiste,PLN,2019-05-24
10629,629,Firmowe,EUR,2025-09-30
10630,630,Osobiste,PLN,2019-07-28
10631,631,Osobiste,PLN,2020-04-14
10632,632,Osobiste,PLN,2022-02-06
10633,633,Osobiste,PLN,2021-04-17
10634,634,Osobiste,PLN,2024-06-08
10635,635,Osobiste,PLN,2021-01-02
10636,636,Osobiste,PLN,2018-07-05
10637,637,Osobiste,PLN,2024-12-01
10638,638,Osobiste,PLN,2023-02-27
10639,639,Osobiste,PLN,2018-04-16
10640,640,Osobiste,PLN,2024-06-04
10641,641,Osobiste,PLN,2022-08-07
10642,642,Osobiste,PLN,2022-05-19
10643,643,Osobiste,PLN,2021-07-11
10644,644,Osobiste,PLN,2025-04-05
10645,645,Osobiste,PLN,2022-10-15
10646,646,Osobiste,PLN,2018-06-04
10647,647,Osobiste,PLN,2018-01-07
10648,648,Osobiste,PLN,2022-11-22
10649,649,Osobiste,PLN,2023-02-10
10650,650,Osobiste,PLN,2019-11-16
10651,651,Osobiste,PLN,2023-04-30
10652,652,Osobiste,PLN,2023-07-29
10653,653,Osobiste,PLN,2021-05-23
10654,654,Osobiste,PLN,2022-12-19
10655,655,Osobiste,PLN,2024-07-03
10656,656,Osobiste,PLN,2022-04-07
10657,657,Osobiste,PLN,2022-05-29
10658,658,Osobiste,PLN,2020-02-18
10659,659,Osobiste,PLN,2022-01-08
10660,660,Osobiste,PLN,2024-03-21
10661,661,Osobiste,PLN,2021-09-24
10662,662,Osobiste,PLN,2021-11-17
10663,663,Osobiste,PLN,2019-04-05
10664,664,Osobiste,PLN,2024-06-08
10665,665,Osobiste,PLN,2020-06-09
10666,666,Osobiste,PLN,2025-01-02
10667,667,Osobiste,PLN,2018-10-29
10668,668,Osobiste,PLN,2018-03-18
10669,669,Osobiste,PLN,2025-03-16
10670,670,Osobiste,PLN,2021-11-25
10671,671,Osobiste,PLN,2025-04-07
10672,672,Osobiste,PLN,2024-01-27
10673,673,Osobiste,PLN,2024-07-14
10674,674,Osobiste,PLN,2019-11-06
10675,675,Osobiste,PLN,2019-10-12
10676,676,Osobiste,PLN,2019-09-11
10677,677,Osobiste,PLN,2018-03-06
10678,678,Osobiste,PLN,2025-05-25
10679,679,Osobiste,PLN,2020-01-19
10680,680,Osobiste,PLN,2023-01-18
10681,681,Osobiste,PLN,2025-01-24
10682,682,Osobiste,PLN,2019-03-05
10683,683,Osobiste,PLN,2022-04-03
10684,684,Firmowe,PLN,2020-11-20
10685,685,Osobiste,PLN,2023-04-30
10686,686,Osobiste,PLN,2019-01-24
10687,687,Osobiste,PLN,2024-12-11
10688,688,Osobiste,PLN,2018-02-27
10689,689,Osobiste,PLN,2025-08-01
10690,690,Osobiste,PLN,2018-03-18
10691,691,Osobiste,PLN,2024-04-11
10692,692,Osobiste,PLN,2024-12-12
10693,693,Osobiste,PLN,2023-06-11
10694,694,Osobiste,PLN,2020-09-01
10695,695,Firmowe,PLN,2022-03-10
10696,696,Osobiste,PLN,2021-09-15
10697,697,Osobiste,PLN,2022-05-09
10698,698,Osobiste,PLN,2023-12-31
10699,699,Osobiste,PLN,2022-07-25
10700,700,Osobiste,PLN,2021-10-30
10701,701,Osobiste,PLN,2020-02-08
10702,702,Osobiste,PLN,2023-03-30
10703,703,Osobiste,PLN,2024-11-03
10704,704,Osobiste,PLN,2019-02-11
10705,705,Osobiste,PLN,2018-04-24
10706,706,Firmowe,PLN,2021-11-01
10707,707,Osobiste,PLN,2025-01-28
10708,708,Osobiste,PLN,2019-01-25
10709,709,Osobiste,PLN,2021-04-17
10710,710,Osobiste,PLN,2021-04-27
10711,711,Osobiste,PLN,2018-11-24
10712,712,Osobiste,PLN,2023-06-30
10713,713,Osobiste,PLN,2023-09-02
10714,714,Osobiste,PLN,2024-11-05
10715,715,Osobiste,PLN,2019-11-14
10716,716,Osobiste,PLN,2025-04-21
10717,717,Osobiste,PLN,2021-08-02
10718,718,Osobiste,PLN,2024-06-03
10719,719,Osobiste,PLN,2023-09-11
10720,720,Osobiste,PLN,2019-04-03
10721,721,Osobiste,PLN,2019-06-20
10722,722,Osobiste,PLN,2022-09-22
10723,723,Firmowe,PLN,2024-08-25
10724,724,Osobiste,PLN,2019-05-26
10725,725,Osobiste,PLN,2018-06-16
10726,726,Osobiste,PLN,2022-09-18
10727,727,Osobiste,PLN,2024-09-26
10728,728,Osobiste,PLN,2025-06-17
10729,729,Osobiste,PLN,2018-09-15
10730,730,Osobiste,PLN,2022-10-14
10731,731,Osobiste,PLN,2018-04-14
10732,732,Osobiste,PLN,2024-04-23
10733,733,Osobiste,PLN,2024-11-16
10734,734,Osobiste,PLN,2020-09-05
10735,735,Osobiste,PLN,2018-06-23
10736,736,Osobiste,PLN,2021-12-15
10737,737,Osobiste,PLN,2020-09-13
10738,738,Osobiste,PLN,2023-07-16
10739,739,Osobiste,PLN,2024-03-16
10740,740,Osobiste,PLN,2018-05-25
10741,741,Osobiste,PLN,2018-08-22
10742,742,Osobiste,PLN,2023-12-06
10743,743,Osobiste,PLN,2024-02-19
10744,744,Osobiste,PLN,2021-04-10
10745,745,Osobiste,PLN,2022-10-17
10746,746,Osobiste,PLN,2020-08-23
10747,747,Osobiste,PLN,2019-08-26
10748,748,Osobiste,PLN,2023-05-22
10749,749,Osobiste,PLN,2019-02-02
10750,750,Osobiste,PLN,2023-11-20
10751,751,Osobiste,PLN,2018-03-31
10752,752,Osobiste,PLN,2020-04-02
10753,753,Osobiste,PLN,2020-04-07
10754,754,Osobiste,PLN,2020-01-31
10755,755,Osobiste,PLN,2025-04-20
10756,756,Firmowe,PLN,2020-05-27
10757,757,Osobiste,PLN,2021-01-17
10758,758,Osobiste,PLN,2021-05-18
10759,759,Osobiste,PLN,2022-12-13
10760,760,Osobiste,PLN,2018-11-16
10761,761,Osobiste,PLN,2018-12-11
10762,762,Osobiste,PLN,2024-12-23
10763,763,Osobiste,PLN,2021-12-22
10764,764,Osobiste,PLN,2022-11-01
10765,765,Osobiste,PLN,2022-03-14
10766,766,Osobiste,PLN,2025-06-26
10767,767,Osobiste,PLN,2018-09-24
10768,768,Osobiste,PLN,2022-10-04
10769,769,Osobiste,PLN,2023-04-30
10770,770,Osobiste,PLN,2025-05-01
10771,771,Osobiste,PLN,2023-09-24
10772,772,Osobiste,PLN,2020-10-13
10773,773,Osobiste,PLN,2023-05-09
10774,774,Osobiste,PLN,2023-03-08
10775,775,Osobiste,PLN,2023-06-09
10776,776,Osobiste,PLN,2025-08-10
10777,777,Osobiste,PLN,2021-08-31
10778,778,Osobiste,PLN,2018-06-12
10779,779,Osobiste,PLN,2023-06-13
10780,780,Osobiste,PLN,2023-03-15
10781,781,Firmowe,PLN,2025-03-05
10782,782,Osobiste,PLN,2023-07-13
10783,783,Osobiste,PLN,2020-11-15
10784,784,Osobiste,PLN,2025-06-13
10785,785,Osobiste,PLN,2023-09-23
10786,786,Osobiste,PLN,2025-02-03
10787,787,Osobiste,PLN,2025-10-04
10788,788,Osobiste,PLN,2021-08-12
10789,789,Osobiste,PLN,2020-03-22
10790,790,Osobiste,PLN,2022-12-23
10791,791,Osobiste,PLN,2018-07-27
10792,792,Osobiste,PLN,2023-12-15
10793,793,Osobiste,PLN,2018-05-19
10794,794,Osobiste,PLN,2025-11-25
10795,795,Osobiste,PLN,2021-11-07
10796,796,Osobiste,PLN,2021-10-18
10797,797,Osobiste,PLN,2023-09-08
10798,798,Osobiste,PLN,2020-12-15
10799,799,Osobiste,PLN,2022-10-08
10800,800,Osobiste,PLN,2021-05-12
10801,801,Osobiste,PLN,2024-12-08
10802,802,Osobiste,PLN,2023-11-02
10803,803,Osobiste,PLN,2021-06-03
10804,804,Osobiste,PLN,2020-03-20
10805,805,Osobiste,PLN,2024-06-18
10806,806,Osobiste,PLN,2020-01-20
10807,807,Osobiste,PLN,2018-05-05
10808,808,Osobiste,PLN,2021-02-04
10809,809,Osobiste,PLN,2023-12-24
10810,810,Osobiste,PLN,2018-07-30
10811,811,Osobiste,PLN,2025-12-11
10812,812,Osobiste,PLN,2020-08-21
10813,813,Osobiste,PLN,2025-11-30
10814,814,Firmowe,PLN,2022-08-15
10815,815,Osobiste,PLN,2018-12-01
10816,816,Osobiste,PLN,2018-10-17
10817,817,Osobiste,PLN,2018-05-12
10818,818,Osobiste,PLN,2025-11-03
10819,819,Osobiste,PLN,2018-02-06
10820,820,Osobiste,PLN,2020-04-15
10821,821,Osobiste,PLN,2022-05-22
10822,822,Osobiste,PLN,2019-10-12
10823,823,Firmowe,EUR,2023-06-16
10824,824,Osobiste,PLN,2019-07-28
10825,825,Osobiste,PLN,2020-12-30
10826,826,Osobiste,PLN,2025-07-15
10827,827,Osobiste,PLN,2025-01-02
10828,828,Osobiste,PLN,2023-01-09
10829,829,Osobiste,PLN,2024-01-06
10830,830,Osobiste,PLN,2020-07-19
10831,831,Osobiste,PLN,2021-02-15
10832,832,Osobiste,PLN,2021-09-21
10833,833,Osobiste,PLN,2019-10-29
10834,834,Osobiste,PLN,2023-07-27
10835,835,Osobiste,PLN,2023-09-06
10836,836,Osobiste,PLN,2025-08-10
10837,837,Osobiste,PLN,2025-04-23
10838,838,Osobiste,PLN,2025-02-01
10839,839,Osobiste,PLN,2025-02-15
10840,840,Osobiste,PLN,2024-12-11
10841,841,Osobiste,PLN,2019-10-23
10842,842,Osobiste,PLN,2025-03-18
10843,843,Osobiste,PLN,2024-07-09
10844,844,Osobiste,PLN,2023-05-17
10845,845,Osobiste,PLN,2018-08-13
10846,846,Osobiste,PLN,2018-06-11
10847,847,Osobiste,PLN,2024-01-29
10848,848,Osobiste,PLN,2022-07-29
10849,849,Osobiste,PLN,2024-12-04
10850,850,Osobiste,PLN,2025-11-15
10851,851,Osobiste,PLN,2022-01-29
10852,852,Osobiste,PLN,2020-08-22
10853,853,Osobiste,PLN,2020-11-10
10854,854,Osobiste,PLN,2019-01-09
10855,855,Osobiste,PLN,2020-09-27
10856,856,Osobiste,PLN,2024-03-12
10857,857,Osobiste,PLN,2020-05-07
10858,858,Osobiste,PLN,2020-04-24
10859,859,Osobiste,PLN,2021-09-20
10860,860,Osobiste,PLN,2021-05-21
10861,861,Osobiste,PLN,2023-10-23
10862,862,Osobiste,PLN,2023-07-13
10863,863,Osobiste,PLN,2020-06-05
10864,864,Osobiste,PLN,2022-05-26
10865,865,Osobiste,PLN,2025-07-18
10866,866,Osobiste,PLN,2019-06-25
10867,867,Firmowe,PLN,2019-07-21
10868,868,Osobiste,PLN,2021-02-15
10869,869,Osobiste,PLN,2022-01-27
10870,870,Osobiste,PLN,2021-02-14
10871,871,Osobiste,PLN,2023-11-24
10872,872,Osobiste,PLN,2022-07-19
10873,873,Osobiste,PLN,2024-12-16
10874,874,Osobiste,PLN,2024-09-14
10875,875,Firmowe,PLN,2022-11-02
10876,876,Osobiste,PLN,2023-01-19
10877,877,Osobiste,PLN,2022-01-20
10878,878,Osobiste,PLN,2024-04-17
10879,879,Osobiste,PLN,2020-09-14
10880,880,Osobiste,PLN,2018-10-20
10881,881,Osobiste,PLN,2020-03-08
10882,882,Osobiste,PLN,2022-01-18
10883,883,Osobiste,PLN,2025-12-24
10884,884,Osobiste,PLN,2021-06-30
10885,885,Osobiste,PLN,2023-01-14
10886,886,Osobiste,PLN,2025-11-19
10887,887,Osobiste,PLN,2021-08-11
10888,888,Osobiste,PLN,2019-09-12
10889,889,Osobiste,PLN,2024-09-20
10890,890,Osobiste,PLN,2021-04-27
10891,891,Osobiste,PLN,2025-04-11
10892,892,Osobiste,PLN,2020-09-29
10893,893,Osobiste,PLN,2021-01-15
10894,894,Osobiste,PLN,2025-08-10
10895,895,Osobiste,PLN,2024-02-25
10896,896,Firmowe,PLN,2024-09-11
10897,897,Osobiste,PLN,2023-07-10
10898,898,Osobiste,EUR,2023-04-22
10899,899,Osobiste,PLN,2021-03-21
10900,900,Osobiste,PLN,2021-03-11
10901,901,Osobiste,PLN,2025-03-18
10902,902,Osobiste,PLN,2024-05-05
10903,903,Osobiste,PLN,2020-06-10
10904,904,Osobiste,PLN,2023-07-20
10905,905,Osobiste,PLN,2023-09-11
10906,906,Osobiste,PLN,2024-12-13
10907,907,Osobiste,PLN,2021-02-11
10908,908,Osobiste,PLN,2018-12-04
10909,909,Osobiste,PLN,2022-08-11
10910,910,Osobiste,PLN,2021-12-12
10911,911,Osobiste,PLN,2022-10-14
10912,912,Osobiste,PLN,2021-09-12
10913,913,Osobiste,PLN,2018-01-22
10914,914,Osobiste,PLN,2020-02-20
10915,915,Osobiste,PLN,2025-05-29
10916,916,Osobiste,PLN,2024-12-31
10917,917,Osobiste,PLN,2025-04-30
10918,918,Osobiste,PLN,2021-06-02
10919,919,Osobiste,PLN,2018-11-25
10920,920,Osobiste,PLN,2019-04-23
10921,921,Osobiste,PLN,2022-08-03
10922,922,Osobiste,PLN,2022-07-03
10923,923,Osobiste,PLN,2024-11-06
10924,924,Osobiste,PLN,2024-07-07
10925,925,Osobiste,PLN,2025-10-05
10926,926,Osobiste,PLN,2019-06-06
10927,927,Osobiste,PLN,2019-09-08
10928,928,Osobiste,PLN,2023-03-20
10929,929,Osobiste,PLN,2022-04-06
10930,930,Osobiste,PLN,2023-05-26
10931,931,Osobiste,PLN,2023-07-24
10932,932,Osobiste,PLN,2021-06-13
10933,933,Osobiste,PLN,2020-06-21
10934,934,Osobiste,PLN,2019-01-28
10935,935,Osobiste,PLN,2019-03-10
10936,936,Osobiste,PLN,2020-10-02
10937,937,Osobiste,PLN,2021-06-17
10938,938,Osobiste,PLN,2021-08-19
10939,939,Osobiste,PLN,2023-06-27
10940,940,Osobiste,PLN,2023-10-19
10941,941,Osobiste,PLN,2024-11-05
10942,942,Osobiste,PLN,2023-03-05
10943,943,Osobiste,PLN,2018-09-12
10944,944,Osobiste,PLN,2022-08-05
10945,945,Osobiste,PLN,2025-06-24
10946,946,Osobiste,PLN,2021-09-13
10947,947,Osobiste,PLN,2023-09-25
10948,948,Osobiste,PLN,2019-07-22
10949,949,Osobiste,PLN,2023-10-01
10950,950,Osobiste,PLN,2021-10-01
10951,951,Osobiste,PLN,2023-06-23
10952,952,Osobiste,PLN,2022-11-19
10953,953,Osobiste,PLN,2022-07-26
10954,954,Osobiste,PLN,2018-06-08
10955,955,Osobiste,PLN,2025-10-07
10956,956,Osobiste,PLN,2019-10-22
10957,957,Osobiste,PLN,2019-07-14
10958,958,Osobiste,PLN,2021-10-27
10959,959,Osobiste,PLN,2022-12-18
10960,960,Osobiste,PLN,2025-12-27
10961,961,Osobiste,PLN,2025-01-22
10962,962,Osobiste,PLN,2020-10-29
10963,963,Osobiste,PLN,2020-03-07
10964,964,Osobiste,PLN,2025-02-03
10965,965,Osobiste,PLN,2022-04-02
10966,966,Osobiste,PLN,2021-01-06
10967,967,Osobiste,PLN,2022-01-26
10968,968,Osobiste,PLN,2018-04-19
10969,969,Osobiste,PLN,2022-05-25
10970,970,Osobiste,PLN,2020-09-22
10971,971,Osobiste,PLN,2022-08-26
10972,972,Osobiste,PLN,2022-07-22
10973,973,Osobiste,PLN,2021-08-30
10974,974,Osobiste,PLN,2019-03-20
10975,975,Osobiste,PLN,2023-05-15
10976,976,Osobiste,PLN,2024-11-01
10977,977,Osobiste,PLN,2022-06-07
10978,978,Osobiste,PLN,2020-05-25
10979,979,Osobiste,PLN,2023-12-09
10980,980,Osobiste,PLN,2018-05-25
10981,981,Osobiste,PLN,2025-12-04
10982,982,Osobiste,PLN,2022-11-07
10983,983,Osobiste,PLN,2018-07-26
10984,984,Osobiste,PLN,2019-07-28
10985,985,Osobiste,PLN,2025-08-22
10986,986,Osobiste,PLN,2019-01-03
10987,987,Osobiste,PLN,2018-01-18
10988,988,Osobiste,PLN,2025-01-29
10989,989,Osobiste,PLN,2021-09-16
10990,990,Osobiste,PLN,2023-12-01
10991,991,Osobiste,PLN,2022-07-17
10992,992,Osobiste,PLN,2023-07-08
10993,993,Osobiste,PLN,2018-06-19
10994,994,Osobiste,PLN,2022-05-30
10995,995,Osobiste,PLN,2023-09-25
10996,996,Osobiste,PLN,2022-10-09
10997,997,Osobiste,PLN,2019-09-10
10998,998,Osobiste,PLN,2020-08-25
10999,999,Osobiste,PLN,2021-08-04
11000,1000,Osobiste,PLN,2019-04-16
11001,507,Osobiste,PLN,2024-02-16
11002,667,Oszczednosciowe,PLN,2020-05-22
11003,461,Oszczednosciowe,PLN,2018-11-03
11004,636,Osobiste,GBP,2019-02-22
11005,160,Oszczednosciowe,PLN,2018-01-15
11006,384,Oszczednosciowe,EUR,2025-08-06
11007,604,Oszczednosciowe,PLN,2025-05-19
11008,666,Osobiste,PLN,2025-03-09
11009,548,Oszczednosciowe,PLN,2023-10-10
11010,477,Oszczednosciowe,PLN,2020-03-15
11011,684,Osobiste,PLN,2018-05-18
11012,727,Oszczednosciowe,PLN,2021-09-02
11013,105,Oszczednosciowe,PLN,2023-03-25
11014,61,Oszczednosciowe,PLN,2021-12-05
11015,715,Oszczednosciowe,PLN,2018-09-22
11016,471,Oszczednosciowe,PLN,2018-07-27
11017,735,Oszczednosciowe,PLN,2019-03-07
11018,870,Oszczednosciowe,PLN,2025-04-02
11019,918,Oszczednosciowe,PLN,2024-09-26
11020,146,Oszczednosciowe,PLN,2020-02-17
11021,586,Oszczednosciowe,PLN,2021-12-31
11022,948,Oszczednosciowe,PLN,2019-11-22
11023,707,Oszczednosciowe,PLN,2023-11-14
11024,48,Oszczednosciowe,PLN,2023-05-29
11025,696,Oszczednosciowe,PLN,2020-02-26
11026,535,Oszczednosciowe,PLN,2020-11-24
11027,418,Oszczednosciowe,PLN,2020-12-07
11028,326,Oszczednosciowe,PLN,2021-06-08
11029,263,Oszczednosciowe,PLN,2025-03-07
11030,369,Oszczednosciowe,PLN,2021-10-27
11031,959,Oszczednosciowe,PLN,2025-01-25
11032,654,Oszczednosciowe,PLN,2018-02-10
11033,335,Oszczednosciowe,PLN,2019-01-26
11034,223,Oszczednosciowe,PLN,2025-06-04
11035,784,Oszczednosciowe,PLN,2022-07-29
11036,811,Oszczednosciowe,PLN,2024-09-04
11037,242,Oszczednosciowe,PLN,2021-03-19
11038,482,Oszczednosciowe,PLN,2022-01-09
11039,592,Osobiste,PLN,2018-09-23
11040,562,Oszczednosciowe,PLN,2025-03-24
11041,488,Oszczednosciowe,PLN,2025-12-29
11042,948,Oszczednosciowe,PLN,2020-09-03
11043,212,Oszczednosciowe,PLN,2025-07-27
11044,809,Oszczednosciowe,PLN,2019-08-08
11045,853,Oszczednosciowe,PLN,2021-06-17
11046,804,Oszczednosciowe,PLN,2022-09-09
11047,964,Oszczednosciowe,PLN,2018-08-26
11048,746,Oszczednosciowe,PLN,2019-03-05
11049,392,Oszczednosciowe,PLN,2020-11-07
11050,329,Oszczednosciowe,PLN,2024-02-25
11051,555,Oszczednosciowe,EUR,2018-10-16
11052,340,Oszczednosciowe,PLN,2018-05-25
11053,313,Oszczednosciowe,PLN,2020-12-31
11054,913,Osobiste,PLN,2021-02-01
11055,522,Oszczednosciowe,PLN,2022-02-11
11056,59,Osobiste,PLN,2020-04-10
11057,472,Oszczednosciowe,PLN,2021-02-28
11058,394,Oszczednosciowe,PLN,2021-07-18
11059,401,Oszczednosciowe,PLN,2023-05-22
11060,819,Oszczednosciowe,PLN,2019-03-29
11061,519,Oszczednosciowe,PLN,2018-09-17
11062,38,Osobiste,PLN,2023-01-18
11063,907,Oszczednosciowe,PLN,2023-01-26
11064,854,Oszczednosciowe,PLN,2019-03-18
11065,28,Oszczednosciowe,PLN,2023-10-21
11066,963,Oszczednosciowe,PLN,2023-12-20
11067,878,Oszczednosciowe,PLN,2023-06-02
11068,209,Osobiste,PLN,2024-10-03
11069,793,Oszczednosciowe,PLN,2018-06-16
11070,210,Oszczednosciowe,PLN,2024-04-18
11071,832,Oszczednosciowe,PLN,2024-01-19
11072,989,Oszczednosciowe,EUR,2025-07-22
11073,661,Oszczednosciowe,PLN,2023-08-01
11074,186,Oszczednosciowe,PLN,2022-01-11
11075,322,Osobiste,PLN,2025-07-13
11076,38,Oszczednosciowe,PLN,2021-12-01
11077,866,Oszczednosciowe,PLN,2020-12-23
11078,344,Osobiste,PLN,2024-07-24
11079,381,Oszczednosciowe,PLN,2018-02-25
11080,930,Osobiste,PLN,2020-02-16
11081,259,Oszczednosciowe,PLN,2018-05-12
11082,978,Oszczednosciowe,GBP,2024-11-18
11083,840,Oszczednosciowe,PLN,2019-10-16
11084,589,Osobiste,PLN,2020-11-11
11085,932,Oszczednosciowe,PLN,2021-10-17
11086,294,Osobiste,PLN,2019-02-27
11087,657,Oszczednosciowe,EUR,2019-12-01
11088,140,Oszczednosciowe,PLN,2023-08-27
11089,608,Oszczednosciowe,PLN,2024-05-07
11090,22,Oszczednosciowe,PLN,2023-11-23
11091,514,Oszczednosciowe,PLN,2022-02-02
11092,980,Oszczednosciowe,PLN,2019-03-14
11093,125,Oszczednosciowe,PLN,2020-08-28
11094,417,Oszczednosciowe,PLN,2019-09-04
11095,867,Oszczednosciowe,GBP,2022-06-06
11096,850,Osobiste,PLN,2024-03-23
11097,725,Osobiste,PLN,2022-05-13
11098,545,Oszczednosciowe,GBP,2019-07-28
11099,568,Oszczednosciowe,PLN,2020-05-24
11100,103,Oszczednosciowe,PLN,2020-04-14
11101,357,Oszczednosciowe,PLN,2018-01-16
11102,745,Oszczednosciowe,PLN,2023-08-22
11103,861,Oszczednosciowe,PLN,2018-06-30
11104,648,Osobiste,PLN,2018-05-01
11105,167,Oszczednosciowe,PLN,2025-10-11
11106,844,Oszczednosciowe,PLN,2024-01-07
11107,667,Oszczednosciowe,PLN,2023-11-18
11108,864,Osobiste,PLN,2024-12-26
11109,678,Oszczednosciowe,EUR,2020-09-23
11110,162,Oszczednosciowe,PLN,2019-02-02
11111,201,Oszczednosciowe,PLN,2018-02-15
11112,741,Oszczednosciowe,PLN,2018-07-30
11113,541,Oszczednosciowe,PLN,2018-05-11
11114,74,Oszczednosciowe,PLN,2020-10-03
11115,844,Oszczednosciowe,PLN,2024-05-14
11116,341,Oszczednosciowe,PLN,2021-02-18
11117,488,Osobiste,GBP,2019-03-29
11118,192,Oszczednosciowe,PLN,2021-09-05
11119,479,Oszczednosciowe,PLN,2025-09-07
11120,248,Osobiste,PLN,2020-11-03
11121,65,Oszczednosciowe,PLN,2019-12-13
11122,313,Oszczednosciowe,PLN,2023-05-23
11123,837,Oszczednosciowe,PLN,2022-02-23
11124,279,Oszczednosciowe,PLN,2018-09-15
11125,65,Oszczednosciowe,PLN,2018-08-20
11126,378,Oszczednosciowe,PLN,2023-08-04
11127,660,Osobiste,PLN,2022-11-12
11128,654,Osobiste,PLN,2023-10-06
11129,25,Oszczednosciowe,PLN,2020-01-19
11130,481,Oszczednosciowe,PLN,2022-02-12
11131,972,Oszczednosciowe,PLN,2019-10-30
11132,93,Oszczednosciowe,PLN,2020-03-28
11133,646,Oszczednosciowe,PLN,2019-10-15
11134,553,Oszczednosciowe,PLN,2018-11-10
11135,323,Oszczednosciowe,PLN,2022-10-05
11136,602,Oszczednosciowe,PLN,2018-08-11
11137,196,Osobiste,PLN,2025-08-05
11138,666,Osobiste,PLN,2022-09-03
11139,361,Osobiste,PLN,2020-07-17
11140,163,Oszczednosciowe,PLN,2019-07-21
11141,654,Oszczednosciowe,PLN,2020-09-01
11142,828,Osobiste,PLN,2021-08-31
11143,802,Oszczednosciowe,PLN,2024-07-28
11144,727,Oszczednosciowe,PLN,2025-09-15
11145,500,Osobiste,PLN,2024-02-23
11146,642,Oszczednosciowe,PLN,2022-06-28
11147,42,Oszczednosciowe,PLN,2023-11-08
11148,23,Oszczednosciowe,PLN,2018-04-02
11149,516,Oszczednosciowe,PLN,2023-09-10
11150,656,Oszczednosciowe,PLN,2020-04-12
11151,996,Oszczednosciowe,PLN,2022-09-05
11152,358,Osobiste,PLN,2023-09-30
11153,678,Oszczednosciowe,PLN,2020-11-20
11154,537,Oszczednosciowe,PLN,2019-11-22
11155,970,Oszczednosciowe,GBP,2022-09-07
11156,242,Oszczednosciowe,PLN,2024-12-09
11157,213,Oszczednosciowe,PLN,2025-03-18
11158,46,Oszczednosciowe,PLN,2022-11-07
11159,944,Oszczednosciowe,PLN,2025-05-24
11160,573,Oszczednosciowe,PLN,2021-11-23
11161,900,Oszczednosciowe,EUR,2019-04-06
11162,191,Oszczednosciowe,EUR,2019-09-13
11163,247,Oszczednosciowe,GBP,2018-01-08
11164,198,Oszczednosciowe,PLN,2025-12-14
11165,906,Oszczednosciowe,PLN,2024-03-12
11166,84,Oszczednosciowe,PLN,2022-06-21
11167,268,Osobiste,PLN,2023-12-11
11168,268,Osobiste,GBP,2022-10-17
11169,153,Oszczednosciowe,PLN,2023-10-09
11170,747,Oszczednosciowe,PLN,2023-03-11
11171,371,Oszczednosciowe,EUR,2019-09-24
11172,536,Oszczednosciowe,PLN,2021-08-16
11173,404,Oszczednosciowe,PLN,2025-04-15
11174,952,Oszczednosciowe,PLN,2020-04-25
11175,267,Oszczednosciowe,PLN,2020-01-14
11176,170,Oszczednosciowe,PLN,2024-05-15
11177,897,Osobiste,PLN,2022-12-13
11178,283,Oszczednosciowe,PLN,2025-11-08
11179,375,Oszczednosciowe,PLN,2025-02-14
11180,841,Osobiste,PLN,2021-07-11
11181,354,Oszczednosciowe,PLN,2018-06-14
11182,778,Osobiste,PLN,2019-12-25
11183,448,Oszczednosciowe,PLN,2024-12-14
11184,306,Osobiste,PLN,2022-04-13
11185,242,Oszczednosciowe,PLN,2022-11-08
11186,237,Oszczednosciowe,PLN,2021-01-09
11187,970,Oszczednosciowe,EUR,2019-10-02
11188,335,Oszczednosciowe,PLN,2024-12-18
11189,81,Oszczednosciowe,EUR,2024-06-30
11190,571,Oszczednosciowe,PLN,2025-05-24
11191,3,Oszczednosciowe,PLN,2023-02-21
11192,84,Oszczednosciowe,PLN,2025-05-17
11193,749,Osobiste,GBP,2018-09-24
11194,957,Oszczednosciowe,PLN,2025-08-09
11195,895,Oszczednosciowe,PLN,2019-03-21
11196,133,Oszczednosciowe,EUR,2023-01-04
11197,233,Oszczednosciowe,PLN,2021-02-19
11198,697,Oszczednosciowe,PLN,2020-01-18
11199,328,Oszczednosciowe,PLN,2018-03-15
11200,898,Oszczednosciowe,PLN,2025-10-06
11201,278,Osobiste,PLN,2020-01-10
11202,371,Oszczednosciowe,PLN,2018-12-12
11203,853,Oszczednosciowe,PLN,2018-01-26
11204,901,Oszczednosciowe,PLN,2018-09-01
11205,61,Oszczednosciowe,PLN,2020-02-11
11206,737,Oszczednosciowe,PLN,2023-02-04
11207,166,Oszczednosciowe,PLN,2023-06-08
11208,872,Oszczednosciowe,PLN,2023-03-12
11209,276,Oszczednosciowe,PLN,2024-04-15
11210,737,Oszczednosciowe,PLN,2018-11-19
11211,446,Oszczednosciowe,PLN,2023-10-28
11212,96,Oszczednosciowe,PLN,2019-06-28
11213,176,Oszczednosciowe,PLN,2023-06-25
11214,779,Oszczednosciowe,PLN,2025-01-26
11215,851,Oszczednosciowe,PLN,2019-05-23
11216,382,Oszczednosciowe,EUR,2024-05-25
11217,914,Osobiste,PLN,2021-10-31
11218,319,Oszczednosciowe,PLN,2023-02-10
11219,999,Oszczednosciowe,PLN,2021-06-15
11220,445,Oszczednosciowe,PLN,2019-12-30
11221,776,Oszczednosciowe,PLN,2024-04-01
11222,489,Oszczednosciowe,PLN,2019-12-02
11223,66,Oszczednosciowe,PLN,2024-09-03
11224,315,Osobiste,PLN,2019-01-04
11225,46,Oszczednosciowe,PLN,2021-12-06
11226,367,Oszczednosciowe,EUR,2018-05-27
11227,544,Oszczednosciowe,EUR,2018-08-07
11228,597,Oszczednosciowe,PLN,2018-07-08
11229,463,Oszczednosciowe,PLN,2022-11-25
11230,288,Oszczednosciowe,EUR,2021-05-13
11231,1,Oszczednosciowe,PLN,2023-03-24
11232,616,Oszczednosciowe,PLN,2020-09-12
11233,886,Oszczednosciowe,PLN,2018-03-12
11234,382,Oszczednosciowe,PLN,2024-04-16
11235,5,Oszczednosciowe,PLN,2021-11-04
11236,622,Osobiste,PLN,2024-07-21
11237,596,Osobiste,PLN,2025-12-18
11238,538,Oszczednosciowe,PLN,2020-10-11
11239,571,Oszczednosciowe,PLN,2019-02-14
11240,99,Osobiste,PLN,2019-09-26
11241,669,Oszczednosciowe,PLN,2024-01-14
11242,906,Oszczednosciowe,PLN,2019-01-14
11243,507,Oszczednosciowe,PLN,2019-10-14
11244,779,Oszczednosciowe,PLN,2018-05-13
11245,82,Osobiste,PLN,2022-09-17
11246,704,Oszczednosciowe,PLN,2024-06-19
11247,143,Oszczednosciowe,PLN,2020-06-19
11248,553,Oszczednosciowe,PLN,2025-12-05
11249,503,Oszczednosciowe,EUR,2019-09-21
11250,834,Oszczednosciowe,PLN,2024-04-16
11251,241,Oszczednosciowe,PLN,2025-04-07
11252,938,Osobiste,GBP,2022-09-07
11253,723,Oszczednosciowe,GBP,2022-11-01
11254,889,Oszczednosciowe,PLN,2018-09-05
11255,390,Oszczednosciowe,PLN,2022-01-24
11256,727,Osobiste,PLN,2020-06-29
11257,128,Oszczednosciowe,PLN,2022-05-05
11258,342,Oszczednosciowe,PLN,2018-11-07
11259,5,Osobiste,PLN,2025-05-31
11260,711,Oszczednosciowe,PLN,2021-03-11
11261,118,Oszczednosciowe,PLN,2024-12-12
11262,859,Oszczednosciowe,PLN,2020-04-15
11263,47,Oszczednosciowe,PLN,2023-12-01
11264,50,Oszczednosciowe,PLN,2018-10-25
11265,210,Oszczednosciowe,PLN,2024-07-28
11266,583,Oszczednosciowe,PLN,2019-01-12
11267,327,Oszczednosciowe,PLN,2021-06-29
11268,342,Oszczednosciowe,PLN,2021-10-11
11269,184,Oszczednosciowe,PLN,2024-04-03
11270,589,Oszczednosciowe,EUR,2020-01-07
11271,848,Osobiste,PLN,2022-03-28
11272,920,Oszczednosciowe,PLN,2022-10-25
11273,671,Oszczednosciowe,PLN,2018-02-21
11274,311,Oszczednosciowe,PLN,2019-11-14
11275,657,Oszczednosciowe,EUR,2024-01-22
11276,475,Oszczednosciowe,PLN,2022-04-26
11277,606,Oszczednosciowe,PLN,2020-09-18
11278,317,Oszczednosciowe,PLN,2022-07-06
11279,243,Oszczednosciowe,PLN,2018-01-12
11280,915,Oszczednosciowe,PLN,2021-05-28
11281,147,Oszczednosciowe,PLN,2022-06-28
11282,612,Oszczednosciowe,PLN,2018-03-14
11283,790,Oszczednosciowe,PLN,2025-06-24
11284,852,Oszczednosciowe,PLN,2022-07-11
11285,686,Oszczednosciowe,PLN,2024-02-22
11286,255,Oszczednosciowe,PLN,2019-03-06
11287,39,Oszczednosciowe,PLN,2022-03-07
11288,81,Oszczednosciowe,EUR,2020-10-28
11289,650,Oszczednosciowe,PLN,2021-04-20
11290,867,Oszczednosciowe,GBP,2024-01-23
11291,429,Oszczednosciowe,PLN,2021-04-16
11292,920,Oszczednosciowe,PLN,2020-06-08
11293,999,Osobiste,PLN,2025-03-22
11294,360,Oszczednosciowe,PLN,2019-08-18
11295,436,Oszczednosciowe,PLN,2020-09-30
11296,3,Oszczednosciowe,PLN,2018-08-26
11297,364,Oszczednosciowe,PLN,2019-09-17
11298,270,Osobiste,PLN,2019-09-30
11299,69,Oszczednosciowe,PLN,2024-04-10
11300,963,Oszczednosciowe,PLN,2025-01-09
11301,847,Osobiste,PLN,2021-12-25
11302,751,Oszczednosciowe,PLN,2018-05-28
11303,608,Osobiste,EUR,2021-07-03
11304,158,Oszczednosciowe,EUR,2024-01-24
11305,626,Oszczednosciowe,PLN,2024-05-15
11306,977,Oszczednosciowe,PLN,2024-07-11
11307,876,Oszczednosciowe,PLN,2021-08-24
11308,780,Oszczednosciowe,PLN,2023-10-12
11309,299,Oszczednosciowe,EUR,2021-10-29
11310,589,Oszczednosciowe,EUR,2018-05-16
11311,378,Oszczednosciowe,PLN,2018-06-27
11312,94,Osobiste,EUR,2019-08-21
11313,340,Oszczednosciowe,PLN,2024-06-20
11314,920,Oszczednosciowe,PLN,2022-02-12
11315,319,Oszczednosciowe,PLN,2018-11-08
11316,260,Oszczednosciowe,PLN,2019-03-11
11317,370,Oszczednosciowe,GBP,2022-07-06
11318,226,Oszczednosciowe,PLN,2019-02-15
11319,513,Oszczednosciowe,PLN,2021-08-04
11320,342,Osobiste,PLN,2025-12-17
11321,913,Osobiste,PLN,2019-01-18
11322,433,Oszczednosciowe,GBP,2023-07-12
11323,33,Oszczednosciowe,PLN,2021-10-18
11324,799,Oszczednosciowe,EUR,2020-09-11
11325,823,Osobiste,GBP,2020-12-25
11326,422,Oszczednosciowe,PLN,2018-01-24
11327,650,Oszczednosciowe,PLN,2023-07-27
11328,356,Oszczednosciowe,PLN,2019-12-22
11329,92,Oszczednosciowe,PLN,2025-01-05
11330,382,Osobiste,PLN,2020-06-07
11331,895,Oszczednosciowe,PLN,2025-04-15
11332,572,Oszczednosciowe,PLN,2019-08-29
11333,698,Osobiste,PLN,2020-11-22
11334,882,Oszczednosciowe,GBP,2018-08-26
11335,566,Oszczednosciowe,PLN,2023-12-16
11336,782,Oszczednosciowe,PLN,2022-08-03
11337,362,Oszczednosciowe,PLN,2019-12-17
11338,639,Oszczednosciowe,PLN,2019-01-14
11339,744,Oszczednosciowe,EUR,2022-09-03
11340,501,Oszczednosciowe,PLN,2025-09-12
11341,422,Oszczednosciowe,PLN,2025-04-10
11342,410,Oszczednosciowe,EUR,2022-07-21
11343,368,Oszczednosciowe,PLN,2021-06-20
11344,154,Oszczednosciowe,PLN,2023-01-20
11345,692,Oszczednosciowe,PLN,2022-06-26
11346,330,Osobiste,PLN,2022-05-18
11347,867,Oszczednosciowe,EUR,2018-10-05
11348,577,Oszczednosciowe,PLN,2022-12-03
11349,358,Oszczednosciowe,PLN,2024-12-16
11350,769,Oszczednosciowe,PLN,2022-04-12
11351,443,Oszczednosciowe,PLN,2020-10-11
11352,577,Oszczednosciowe,PLN,2023-03-06
11353,463,Oszczednosciowe,PLN,2020-07-16
11354,972,Oszczednosciowe,PLN,2021-05-23
11355,702,Oszczednosciowe,PLN,2024-07-13
11356,99,Osobiste,PLN,2023-05-31
11357,27,Osobiste,PLN,2022-09-23
11358,70,Oszczednosciowe,PLN,2022-03-21
11359,30,Oszczednosciowe,PLN,2022-04-19
11360,431,Oszczednosciowe,PLN,2023-03-22
11361,584,Oszczednosciowe,PLN,2018-05-27
11362,342,Oszczednosciowe,PLN,2023-03-18
11363,780,Oszczednosciowe,PLN,2022-10-02
11364,688,Oszczednosciowe,PLN,2022-04-09
11365,180,Oszczednosciowe,PLN,2018-04-01
11366,63,Oszczednosciowe,PLN,2018-05-04
11367,185,Oszczednosciowe,PLN,2021-11-06
11368,635,Oszczednosciowe,EUR,2023-12-30
11369,192,Oszczednosciowe,PLN,2025-11-12
11370,347,Oszczednosciowe,EUR,2020-04-22
11371,212,Oszczednosciowe,PLN,2021-09-20
11372,943,Oszczednosciowe,PLN,2025-02-11
11373,3,Oszczednosciowe,PLN,2025-07-06
11374,881,Oszczednosciowe,PLN,2018-07-11
11375,69,Oszczednosciowe,PLN,2021-10-11
11376,593,Oszczednosciowe,EUR,2018-03-09
11377,638,Oszczednosciowe,PLN,2022-10-30
11378,549,Oszczednosciowe,EUR,2019-12-16
11379,168,Oszczednosciowe,PLN,2023-06-04
11380,492,Oszczednosciowe,PLN,2024-10-12
11381,361,Oszczednosciowe,PLN,2018-01-08
11382,655,Oszczednosciowe,PLN,2020-07-09
11383,37,Oszczednosciowe,PLN,2021-08-11
11384,531,Oszczednosciowe,PLN,2020-01-23
11385,558,Oszczednosciowe,PLN,2018-09-14
11386,815,Oszczednosciowe,PLN,2025-07-28
11387,437,Oszczednosciowe,PLN,2018-03-28
11388,113,Oszczednosciowe,PLN,2025-02-12
11389,449,Oszczednosciowe,PLN,2025-11-04
11390,578,Osobiste,PLN,2022-08-02
11391,493,Oszczednosciowe,PLN,2021-01-11
11392,630,Oszczednosciowe,PLN,2020-01-27
11393,930,Oszczednosciowe,PLN,2023-10-19
11394,956,Osobiste,PLN,2021-12-29
11395,763,Oszczednosciowe,PLN,2020-04-24
11396,816,Osobiste,PLN,2023-11-15
11397,216,Oszczednosciowe,PLN,2023-11-29
11398,250,Oszczednosciowe,EUR,2022-11-18
11399,794,Oszczednosciowe,PLN,2021-08-23
11400,750,Osobiste,PLN,2023-11-01
11401,346,Oszczednosciowe,PLN,2018-08-03
11402,288,Oszczednosciowe,GBP,2018-10-11
11403,284,Osobiste,PLN,2024-04-28
11404,738,Oszczednosciowe,PLN,2019-08-21
11405,828,Oszczednosciowe,PLN,2020-07-05
11406,358,Oszczednosciowe,PLN,2019-06-22
11407,931,Oszczednosciowe,PLN,2020-10-19
11408,847,Osobiste,PLN,2022-02-10
11409,787,Oszczednosciowe,PLN,2025-08-05
11410,741,Oszczednosciowe,PLN,2024-12-15
11411,340,Oszczednosciowe,PLN,2023-02-16
11412,313,Oszczednosciowe,PLN,2025-06-06
11413,150,Oszczednosciowe,GBP,2020-07-14
11414,393,Oszczednosciowe,PLN,2021-07-03
11415,368,Oszczednosciowe,PLN,2025-02-18
11416,932,Oszczednosciowe,PLN,2023-10-09
11417,495,Oszczednosciowe,PLN,2024-08-20
11418,395,Oszczednosciowe,PLN,2018-07-13
11419,868,Osobiste,PLN,2025-11-12
11420,669,Osobiste,PLN,2023-12-23
11421,316,Oszczednosciowe,PLN,2022-07-30
11422,522,Oszczednosciowe,PLN,2025-04-18
11423,312,Oszczednosciowe,PLN,2025-12-03
11424,136,Oszczednosciowe,GBP,2018-07-18
11425,239,Oszczednosciowe,EUR,2024-08-29
11426,184,Oszczednosciowe,PLN,2021-11-18
11427,152,Oszczednosciowe,PLN,2025-02-03
11428,558,Osobiste,PLN,2022-12-22
11429,275,Oszczednosciowe,GBP,2020-08-08
11430,613,Oszczednosciowe,PLN,2022-03-17
11431,672,Oszczednosciowe,PLN,2024-03-06
11432,589,Osobiste,EUR,2024-03-30
11433,249,Oszczednosciowe,PLN,2025-03-22
11434,705,Oszczednosciowe,PLN,2018-01-03
11435,457,Oszczednosciowe,PLN,2023-12-28
11436,598,Oszczednosciowe,PLN,2022-01-03
11437,240,Oszczednosciowe,PLN,2023-10-07
11438,525,Oszczednosciowe,PLN,2023-12-30
11439,559,Oszczednosciowe,PLN,2021-07-04
11440,826,Osobiste,PLN,2024-07-27
11441,343,Oszczednosciowe,PLN,2020-05-24
11442,520,Oszczednosciowe,PLN,2024-11-12
11443,625,Oszczednosciowe,PLN,2024-03-23
11444,426,Osobiste,PLN,2018-09-19
11445,989,Oszczednosciowe,GBP,2021-11-01
11446,381,Osobiste,PLN,2024-08-31
11447,852,Oszczednosciowe,PLN,2021-08-29
11448,126,Oszczednosciowe,EUR,2021-04-28
11449,463,Oszczednosciowe,PLN,2021-05-17
11450,162,Oszczednosciowe,PLN,2023-03-26
11451,127,Oszczednosciowe,PLN,2022-12-15
11452,159,Oszczednosciowe,PLN,2025-02-15
11453,930,Oszczednosciowe,PLN,2021-02-06
11454,672,Osobiste,EUR,2019-12-05
11455,185,Osobiste,PLN,2021-04-08
11456,309,Oszczednosciowe,PLN,2020-07-01
11457,646,Oszczednosciowe,PLN,2021-09-28
11458,352,Oszczednosciowe,PLN,2022-07-21
11459,163,Oszczednosciowe,PLN,2018-12-10
11460,776,Oszczednosciowe,PLN,2023-07-10
11461,116,Osobiste,EUR,2022-06-04
11462,405,Oszczednosciowe,PLN,2025-03-26
11463,675,Osobiste,GBP,2021-01-27
11464,276,Oszczednosciowe,PLN,2021-05-13
11465,529,Oszczednosciowe,EUR,2023-12-16
11466,956,Oszczednosciowe,PLN,2021-07-08
11467,374,Oszczednosciowe,PLN,2022-07-26
11468,224,Oszczednosciowe,PLN,2021-11-22
11469,765,Osobiste,PLN,2024-08-04
11470,284,Oszczednosciowe,PLN,2022-11-12
11471,725,Osobiste,PLN,2019-07-23
11472,628,Oszczednosciowe,PLN,2021-05-01
11473,524,Oszczednosciowe,PLN,2025-05-27
11474,750,Oszczednosciowe,PLN,2019-01-17
11475,505,Oszczednosciowe,PLN,2022-03-31
11476,170,Oszczednosciowe,PLN,2023-09-09
11477,406,Oszczednosciowe,GBP,2018-08-10
11478,818,Oszczednosciowe,PLN,2025-06-12
11479,880,Oszczednosciowe,PLN,2018-03-12
11480,731,Oszczednosciowe,PLN,2024-09-17
11481,170,Oszczednosciowe,PLN,2024-08-29
11482,886,Oszczednosciowe,PLN,2023-09-22
11483,350,Oszczednosciowe,PLN,2024-04-16
11484,917,Oszczednosciowe,PLN,2022-08-13
11485,861,Oszczednosciowe,PLN,2024-09-05
11486,507,Oszczednosciowe,PLN,2022-01-21
11487,690,Oszczednosciowe,PLN,2018-07-18
11488,923,Osobiste,PLN,2018-12-11
11489,490,Oszczednosciowe,PLN,2022-06-15
11490,166,Osobiste,PLN,2022-08-05
11491,981,Oszczednosciowe,PLN,2021-08-22
11492,139,Osobiste,PLN,2020-12-21
11493,252,Oszczednosciowe,PLN,2021-01-06
11494,191,Oszczednosciowe,GBP,2025-10-23
11495,267,Oszczednosciowe,PLN,2023-02-08
11496,108,Oszczednosciowe,PLN,2021-06-08
11497,661,Oszczednosciowe,PLN,2024-08-27
11498,889,Oszczednosciowe,PLN,2025-03-08
11499,875,Osobiste,GBP,2024-08-24
11500,485,Oszczednosciowe,PLN,2025-05-09
